supplier_id,supplier_name,supplier_city,phone,email,created_at
S001,PT Supplier 1,Denpasar,0274061709,supplier1@mail.co.id,2023-01-02
S002,PT Supplier 2,Denpasar,0299087380,supplier2@mail.co.id,2023-01-03
S003,PT Supplier 3,Medan,0252923888,supplier3@mail.co.id,2023-01-04
S004,PT Supplier 4,Medan,0254213323,supplier4@mail.co.id,2023-01-05
S005,PT Supplier 5,Surabaya,0272187820,supplier5@mail.co.id,2023-01-06
S006,PT Supplier 6,Semarang,0214966484,supplier6@mail.co.id,2023-01-07
S007,PT Supplier 7,Medan,0261078530,supplier7@mail.co.id,2023-01-08
S008,PT Supplier 8,Jakarta,0296336797,supplier8@mail.co.id,2023-01-09
S009,PT Supplier 9,Jakarta,0290369685,supplier9@mail.co.id,2023-01-10
S010,PT Supplier 10,Medan,0290823982,supplier10@mail.co.id,2023-01-11
S011,PT Supplier 11,Medan,0214531865,supplier11@mail.co.id,2023-01-12
S012,PT Supplier 12,Surabaya,0214884952,supplier12@mail.co.id,2023-01-13
S013,PT Supplier 13,Semarang,0249890591,supplier13@mail.co.id,2023-01-14
S014,PT Supplier 14,Medan,0290894305,supplier14@mail.co.id,2023-01-15
S015,PT Supplier 15,Semarang,0292001704,supplier15@mail.co.id,2023-01-16
S016,PT Supplier 16,Jakarta,0279822192,supplier16@mail.co.id,2023-01-17
S017,PT Supplier 17,Medan,0287073672,supplier17@mail.co.id,2023-01-18
S018,PT Supplier 18,Denpasar,0276307225,supplier18@mail.co.id,2023-01-19
S019,PT Supplier 19,Surabaya,0260503031,supplier19@mail.co.id,2023-01-20
S020,PT Supplier 20,Jakarta,0281400728,supplier20@mail.co.id,2023-01-21
S021,PT Supplier 21,Bandung,0246828554,supplier21@mail.co.id,2023-01-22
S022,PT Supplier 22,Jakarta,0297489323,supplier22@mail.co.id,2023-01-23
S023,PT Supplier 23,Medan,0224515167,supplier23@mail.co.id,2023-01-24
S024,PT Supplier 24,Bandung,0284997541,supplier24@mail.co.id,2023-01-25
S025,PT Supplier 25,Denpasar,0231912045,supplier25@mail.co.id,2023-01-26
S026,PT Supplier 26,Medan,0245664247,supplier26@mail.co.id,2023-01-27
S027,PT Supplier 27,Medan,0241225760,supplier27@mail.co.id,2023-01-28
S028,PT Supplier 28,Semarang,0215975230,supplier28@mail.co.id,2023-01-29
S029,PT Supplier 29,Surabaya,0278974945,supplier29@mail.co.id,2023-01-30
S030,PT Supplier 30,Medan,0253000444,supplier30@mail.co.id,2023-01-31
S031,PT Supplier 31,Denpasar,0216625123,supplier31@mail.co.id,2023-02-01
S032,PT Supplier 32,Denpasar,0243493744,supplier32@mail.co.id,2023-02-02
S033,PT Supplier 33,Yogyakarta,0286443629,supplier33@mail.co.id,2023-02-03
S034,PT Supplier 34,Jakarta,0210224273,supplier34@mail.co.id,2023-02-04
S035,PT Supplier 35,Jakarta,0298570473,supplier35@mail.co.id,2023-02-05
S036,PT Supplier 36,Surabaya,0264919616,supplier36@mail.co.id,2023-02-06
S037,PT Supplier 37,Semarang,0216121646,supplier37@mail.co.id,2023-02-07
S038,PT Supplier 38,Jakarta,0222021696,supplier38@mail.co.id,2023-02-08
S039,PT Supplier 39,Yogyakarta,0291719473,supplier39@mail.co.id,2023-02-09
S040,PT Supplier 40,Surabaya,0266924359,supplier40@mail.co.id,2023-02-10
S041,PT Supplier 41,Surabaya,0278117959,supplier41@mail.co.id,2023-02-11
S042,PT Supplier 42,Yogyakarta,0269072512,supplier42@mail.co.id,2023-02-12
S043,PT Supplier 43,Yogyakarta,0289254298,supplier43@mail.co.id,2023-02-13
S044,PT Supplier 44,Bandung,0286553014,supplier44@mail.co.id,2023-02-14
S045,PT Supplier 45,Semarang,0249020574,supplier45@mail.co.id,2023-02-15
S046,PT Supplier 46,Surabaya,0233644218,supplier46@mail.co.id,2023-02-16
S047,PT Supplier 47,Bandung,0293301240,supplier47@mail.co.id,2023-02-17
S048,PT Supplier 48,Yogyakarta,0279267649,supplier48@mail.co.id,2023-02-18
S049,PT Supplier 49,Denpasar,0258627434,supplier49@mail.co.id,2023-02-19
S050,PT Supplier 50,Yogyakarta,0281377186,supplier50@mail.co.id,2023-02-20
S051,PT Supplier 51,Surabaya,0238569200,supplier51@mail.co.id,2023-02-21
S052,PT Supplier 52,Semarang,0218755329,supplier52@mail.co.id,2023-02-22
S053,PT Supplier 53,Yogyakarta,0224371677,supplier53@mail.co.id,2023-02-23
S054,PT Supplier 54,Jakarta,0295298783,supplier54@mail.co.id,2023-02-24
S055,PT Supplier 55,Medan,0279870672,supplier55@mail.co.id,2023-02-25
S056,PT Supplier 56,Semarang,0261791393,supplier56@mail.co.id,2023-02-26
S057,PT Supplier 57,Yogyakarta,0298444582,supplier57@mail.co.id,2023-02-27
S058,PT Supplier 58,Yogyakarta,0290037438,supplier58@mail.co.id,2023-02-28
S059,PT Supplier 59,Bandung,0251742326,supplier59@mail.co.id,2023-03-01
S060,PT Supplier 60,Denpasar,0217710384,supplier60@mail.co.id,2023-03-02
S061,PT Supplier 61,Bandung,0214073126,supplier61@mail.co.id,2023-03-03
S062,PT Supplier 62,Bandung,0215902792,supplier62@mail.co.id,2023-03-04
S063,PT Supplier 63,Medan,0243632077,supplier63@mail.co.id,2023-03-05
S064,PT Supplier 64,Surabaya,0257679363,supplier64@mail.co.id,2023-03-06
S065,PT Supplier 65,Jakarta,0224734595,supplier65@mail.co.id,2023-03-07
S066,PT Supplier 66,Denpasar,0283340939,supplier66@mail.co.id,2023-03-08
S067,PT Supplier 67,Jakarta,0276936977,supplier67@mail.co.id,2023-03-09
S068,PT Supplier 68,Jakarta,0268997038,supplier68@mail.co.id,2023-03-10
S069,PT Supplier 69,Semarang,0251588308,supplier69@mail.co.id,2023-03-11
S070,PT Supplier 70,Semarang,0291850165,supplier70@mail.co.id,2023-03-12
S071,PT Supplier 71,Bandung,0237671375,supplier71@mail.co.id,2023-03-13
S072,PT Supplier 72,Jakarta,0250721042,supplier72@mail.co.id,2023-03-14
S073,PT Supplier 73,Yogyakarta,0277861249,supplier73@mail.co.id,2023-03-15
S074,PT Supplier 74,Yogyakarta,0236811454,supplier74@mail.co.id,2023-03-16
S075,PT Supplier 75,Surabaya,0280158307,supplier75@mail.co.id,2023-03-17
S076,PT Supplier 76,Jakarta,0254926388,supplier76@mail.co.id,2023-03-18
S077,PT Supplier 77,Denpasar,0295914772,supplier77@mail.co.id,2023-03-19
S078,PT Supplier 78,Surabaya,0235267917,supplier78@mail.co.id,2023-03-20
S079,PT Supplier 79,Jakarta,0263553562,supplier79@mail.co.id,2023-03-21
S080,PT Supplier 80,Bandung,0217892583,supplier80@mail.co.id,2023-03-22
S081,PT Supplier 81,Yogyakarta,0222444852,supplier81@mail.co.id,2023-03-23
S082,PT Supplier 82,Denpasar,0215971396,supplier82@mail.co.id,2023-03-24
S083,PT Supplier 83,Medan,0220783732,supplier83@mail.co.id,2023-03-25
S084,PT Supplier 84,Semarang,0296724154,supplier84@mail.co.id,2023-03-26
S085,PT Supplier 85,Semarang,0261726049,supplier85@mail.co.id,2023-03-27
S086,PT Supplier 86,Bandung,0299822158,supplier86@mail.co.id,2023-03-28
S087,PT Supplier 87,Surabaya,0223750187,supplier87@mail.co.id,2023-03-29
S088,PT Supplier 88,Denpasar,0248407342,supplier88@mail.co.id,2023-03-30
S089,PT Supplier 89,Semarang,0243200764,supplier89@mail.co.id,2023-03-31
S090,PT Supplier 90,Yogyakarta,0293596015,supplier90@mail.co.id,2023-04-01
S091,PT Supplier 91,Jakarta,0292514381,supplier91@mail.co.id,2023-04-02
S092,PT Supplier 92,Denpasar,0270483042,supplier92@mail.co.id,2023-04-03
S093,PT Supplier 93,Yogyakarta,0227677179,supplier93@mail.co.id,2023-04-04
S094,PT Supplier 94,Semarang,0287437002,supplier94@mail.co.id,2023-04-05
S095,PT Supplier 95,Denpasar,0273304432,supplier95@mail.co.id,2023-04-06
S096,PT Supplier 96,Bandung,0245409736,supplier96@mail.co.id,2023-04-07
S097,PT Supplier 97,Surabaya,0245157119,supplier97@mail.co.id,2023-04-08
S098,PT Supplier 98,Yogyakarta,0244450131,supplier98@mail.co.id,2023-04-09
S099,PT Supplier 99,Yogyakarta,0273207950,supplier99@mail.co.id,2023-04-10
S100,PT Supplier 100,Medan,0251791889,supplier100@mail.co.id,2023-04-11
S101,PT Supplier 101,Yogyakarta,0218722956,supplier101@mail.co.id,2023-04-12
S102,PT Supplier 102,Surabaya,0243555628,supplier102@mail.co.id,2023-04-13
S103,PT Supplier 103,Surabaya,0265705405,supplier103@mail.co.id,2023-04-14
S104,PT Supplier 104,Jakarta,0245222879,supplier104@mail.co.id,2023-04-15
S105,PT Supplier 105,Medan,0284764233,supplier105@mail.co.id,2023-04-16
S106,PT Supplier 106,Medan,0212893963,supplier106@mail.co.id,2023-04-17
S107,PT Supplier 107,Surabaya,0235365938,supplier107@mail.co.id,2023-04-18
S108,PT Supplier 108,Medan,0217150713,supplier108@mail.co.id,2023-04-19
S109,PT Supplier 109,Medan,0246370454,supplier109@mail.co.id,2023-04-20
S110,PT Supplier 110,Denpasar,0230656067,supplier110@mail.co.id,2023-04-21
S111,PT Supplier 111,Denpasar,0283716799,supplier111@mail.co.id,2023-04-22
S112,PT Supplier 112,Denpasar,0274398793,supplier112@mail.co.id,2023-04-23
S113,PT Supplier 113,Jakarta,0273555493,supplier113@mail.co.id,2023-04-24
S114,PT Supplier 114,Semarang,0229225800,supplier114@mail.co.id,2023-04-25
S115,PT Supplier 115,Denpasar,0282529422,supplier115@mail.co.id,2023-04-26
S116,PT Supplier 116,Yogyakarta,0243702495,supplier116@mail.co.id,2023-04-27
S117,PT Supplier 117,Bandung,0232173230,supplier117@mail.co.id,2023-04-28
S118,PT Supplier 118,Medan,0242190588,supplier118@mail.co.id,2023-04-29
S119,PT Supplier 119,Bandung,0210712466,supplier119@mail.co.id,2023-04-30
S120,PT Supplier 120,Semarang,0258710568,supplier120@mail.co.id,2023-05-01
S121,PT Supplier 121,Semarang,0267704603,supplier121@mail.co.id,2023-05-02
S122,PT Supplier 122,Bandung,0258401303,supplier122@mail.co.id,2023-05-03
S123,PT Supplier 123,Jakarta,0267375584,supplier123@mail.co.id,2023-05-04
S124,PT Supplier 124,Bandung,0290028278,supplier124@mail.co.id,2023-05-05
S125,PT Supplier 125,Bandung,0292988154,supplier125@mail.co.id,2023-05-06
S126,PT Supplier 126,Yogyakarta,0248831584,supplier126@mail.co.id,2023-05-07
S127,PT Supplier 127,Semarang,0211470190,supplier127@mail.co.id,2023-05-08
S128,PT Supplier 128,Denpasar,0233266352,supplier128@mail.co.id,2023-05-09
S129,PT Supplier 129,Bandung,0262850811,supplier129@mail.co.id,2023-05-10
S130,PT Supplier 130,Medan,0290747970,supplier130@mail.co.id,2023-05-11
S131,PT Supplier 131,Denpasar,0265300140,supplier131@mail.co.id,2023-05-12
S132,PT Supplier 132,Medan,0293337841,supplier132@mail.co.id,2023-05-13
S133,PT Supplier 133,Surabaya,0268534988,supplier133@mail.co.id,2023-05-14
S134,PT Supplier 134,Denpasar,0286363248,supplier134@mail.co.id,2023-05-15
S135,PT Supplier 135,Bandung,0292058300,supplier135@mail.co.id,2023-05-16
S136,PT Supplier 136,Semarang,0227354737,supplier136@mail.co.id,2023-05-17
S137,PT Supplier 137,Surabaya,0227167999,supplier137@mail.co.id,2023-05-18
S138,PT Supplier 138,Yogyakarta,0210005077,supplier138@mail.co.id,2023-05-19
S139,PT Supplier 139,Semarang,0286655457,supplier139@mail.co.id,2023-05-20
S140,PT Supplier 140,Semarang,0248104839,supplier140@mail.co.id,2023-05-21
S141,PT Supplier 141,Surabaya,0241836186,supplier141@mail.co.id,2023-05-22
S142,PT Supplier 142,Yogyakarta,0234481435,supplier142@mail.co.id,2023-05-23
S143,PT Supplier 143,Yogyakarta,0238100068,supplier143@mail.co.id,2023-05-24
S144,PT Supplier 144,Bandung,0295461365,supplier144@mail.co.id,2023-05-25
S145,PT Supplier 145,Denpasar,0245915456,supplier145@mail.co.id,2023-05-26
S146,PT Supplier 146,Denpasar,0220304510,supplier146@mail.co.id,2023-05-27
S147,PT Supplier 147,Semarang,0216496597,supplier147@mail.co.id,2023-05-28
S148,PT Supplier 148,Semarang,0223991348,supplier148@mail.co.id,2023-05-29
S149,PT Supplier 149,Yogyakarta,0245969091,supplier149@mail.co.id,2023-05-30
S150,PT Supplier 150,Bandung,0285884420,supplier150@mail.co.id,2023-05-31
S151,PT Supplier 151,Yogyakarta,0296857868,supplier151@mail.co.id,2023-06-01
S152,PT Supplier 152,Jakarta,0299335096,supplier152@mail.co.id,2023-06-02
S153,PT Supplier 153,Bandung,0254258090,supplier153@mail.co.id,2023-06-03
S154,PT Supplier 154,Surabaya,0261746206,supplier154@mail.co.id,2023-06-04
S155,PT Supplier 155,Jakarta,0224497930,supplier155@mail.co.id,2023-06-05
S156,PT Supplier 156,Bandung,0283132018,supplier156@mail.co.id,2023-06-06
S157,PT Supplier 157,Medan,0271728348,supplier157@mail.co.id,2023-06-07
S158,PT Supplier 158,Denpasar,0250317109,supplier158@mail.co.id,2023-06-08
S159,PT Supplier 159,Medan,0285011437,supplier159@mail.co.id,2023-06-09
S160,PT Supplier 160,Semarang,0223378718,supplier160@mail.co.id,2023-06-10
S161,PT Supplier 161,Denpasar,0225155193,supplier161@mail.co.id,2023-06-11
S162,PT Supplier 162,Denpasar,0265321982,supplier162@mail.co.id,2023-06-12
S163,PT Supplier 163,Bandung,0230961983,supplier163@mail.co.id,2023-06-13
S164,PT Supplier 164,Denpasar,0276352310,supplier164@mail.co.id,2023-06-14
S165,PT Supplier 165,Semarang,0221662805,supplier165@mail.co.id,2023-06-15
S166,PT Supplier 166,Bandung,0225164605,supplier166@mail.co.id,2023-06-16
S167,PT Supplier 167,Denpasar,0254860901,supplier167@mail.co.id,2023-06-17
S168,PT Supplier 168,Yogyakarta,0253769328,supplier168@mail.co.id,2023-06-18
S169,PT Supplier 169,Jakarta,0255834452,supplier169@mail.co.id,2023-06-19
S170,PT Supplier 170,Yogyakarta,0293235423,supplier170@mail.co.id,2023-06-20
S171,PT Supplier 171,Surabaya,0280123880,supplier171@mail.co.id,2023-06-21
S172,PT Supplier 172,Jakarta,0275912404,supplier172@mail.co.id,2023-06-22
S173,PT Supplier 173,Surabaya,0211393718,supplier173@mail.co.id,2023-06-23
S174,PT Supplier 174,Semarang,0210198594,supplier174@mail.co.id,2023-06-24
S175,PT Supplier 175,Semarang,0213639654,supplier175@mail.co.id,2023-06-25
S176,PT Supplier 176,Yogyakarta,0234721699,supplier176@mail.co.id,2023-06-26
S177,PT Supplier 177,Semarang,0282156054,supplier177@mail.co.id,2023-06-27
S178,PT Supplier 178,Yogyakarta,0289964257,supplier178@mail.co.id,2023-06-28
S179,PT Supplier 179,Bandung,0290895469,supplier179@mail.co.id,2023-06-29
S180,PT Supplier 180,Semarang,0297107104,supplier180@mail.co.id,2023-06-30
S181,PT Supplier 181,Semarang,0248400870,supplier181@mail.co.id,2023-07-01
S182,PT Supplier 182,Medan,0261827529,supplier182@mail.co.id,2023-07-02
S183,PT Supplier 183,Surabaya,0258997020,supplier183@mail.co.id,2023-07-03
S184,PT Supplier 184,Semarang,0270003358,supplier184@mail.co.id,2023-07-04
S185,PT Supplier 185,Surabaya,0294196175,supplier185@mail.co.id,2023-07-05
S186,PT Supplier 186,Surabaya,0275164046,supplier186@mail.co.id,2023-07-06
S187,PT Supplier 187,Denpasar,0222217898,supplier187@mail.co.id,2023-07-07
S188,PT Supplier 188,Bandung,0278927590,supplier188@mail.co.id,2023-07-08
S189,PT Supplier 189,Bandung,0210026367,supplier189@mail.co.id,2023-07-09
S190,PT Supplier 190,Surabaya,0253019056,supplier190@mail.co.id,2023-07-10
S191,PT Supplier 191,Denpasar,0230985075,supplier191@mail.co.id,2023-07-11
S192,PT Supplier 192,Semarang,0238391159,supplier192@mail.co.id,2023-07-12
S193,PT Supplier 193,Yogyakarta,0234620027,supplier193@mail.co.id,2023-07-13
S194,PT Supplier 194,Semarang,0294090902,supplier194@mail.co.id,2023-07-14
S195,PT Supplier 195,Yogyakarta,0276485113,supplier195@mail.co.id,2023-07-15
S196,PT Supplier 196,Semarang,0246093227,supplier196@mail.co.id,2023-07-16
S197,PT Supplier 197,Bandung,0290702842,supplier197@mail.co.id,2023-07-17
S198,PT Supplier 198,Yogyakarta,0234119514,supplier198@mail.co.id,2023-07-18
S199,PT Supplier 199,Yogyakarta,0246804534,supplier199@mail.co.id,2023-07-19
S200,PT Supplier 200,Yogyakarta,0230296818,supplier200@mail.co.id,2023-07-20
